temperature,humidity,wind_speed,solar_irradiance,energy_consumption
24.36350297,31.10797573,5.234113675,705.4326948,307.3981452
38.76785766,52.51405684,4.939575981,817.0132575,412.4445482
33.29984855,72.37675015,18.12509161,325.4211089,392.0724184
29.9664621,63.93349318,4.990923997,662.3866896,119.2549571
18.90046601,68.39366887,5.438994523,614.5713848,117.1622614
18.89986301,59.527002,15.18796525,849.5473391,170.6784655
16.4520903,61.53659387,8.994796849,915.4783544,212.4836269
36.65440364,70.95173909,15.53421114,110.9410943,233.8050116
30.02787529,34.98008053,1.307323151,706.6179272,355.8637476
32.70181444,49.36549782,9.751423873,146.6522192,75.50619447
15.51461236,33.27256651,0.672272004,593.9727986,65.6027169
39.2477463,79.26008048,1.253064069,358.8694561,226.3597533
35.81106602,76.64356038,18.12874907,376.0989396,363.7236615
20.30847777,22.36560868,2.784907422,417.6626531,137.0459043
19.54562418,62.33451035,10.64841365,659.1632041,338.6770166
19.58511275,75.51489904,8.221912052,400.6449691,166.9226621
22.60605607,30.83452071,6.946866525,759.4291455,448.738749
28.11891079,54.07671383,17.99666691,464.074647,453.0604749
25.79862547,74.92929786,0.436467936,161.5178803,183.7792419
22.2807285,22.03675872,13.27579372,805.3838582,153.4971893
30.29632237,61.84521603,19.26788868,357.1824921,235.0867874
18.48734652,37.84094044,11.20336367,489.4901916,158.2392133
22.30361621,75.46377172,18.73644924,716.8994949,352.5727295
24.15904608,78.26349471,1.045157586,399.2105414,421.729108
26.40174961,76.65598935,8.375866381,150.9270905,352.8914589
34.62939903,48.452853,5.203155819,436.5289423,420.9577013
19.99184455,71.72255906,14.6164193,950.0037244,228.646473
27.85586096,70.67296391,19.62594181,677.5609576,120.3426368
29.81036422,39.14602839,5.130601249,704.3312338,382.0779263
16.16126032,69.73492845,13.08349203,669.0539383,212.2135273
30.1886213,22.22045808,3.961952655,279.0929251,352.0718714
19.26310309,55.77619271,11.30660509,476.5004777,171.7897739
16.62628982,33.80053024,9.278649734,775.8458185,86.55333566
38.72213843,27.23401315,19.44010659,191.2356078,496.661808
39.14080083,24.6171921,12.17054545,350.0674985,120.2906786
35.2099337,61.77732655,6.990127442,348.6871976,494.7894473
22.61534423,40.39249783,2.281915698,488.8170348,489.7759697
17.44180285,63.48600629,3.024936575,982.3318668,407.2181468
32.10582566,23.92138045,4.506338599,160.752292,346.7403329
26.00381234,38.91742027,5.019333227,566.8308949,310.0131726
18.05095587,52.36947754,17.01232116,261.4282138,439.7456954
27.37942275,67.44338989,11.22445577,973.6088909,180.2477847
15.85971303,39.12515018,10.46781823,201.9731543,260.4565456
37.73301005,57.55348259,2.295377437,463.2409021,328.7254862
21.46949954,73.15866489,17.20279387,764.0964864,235.0357141
31.56305711,56.95179129,14.45628606,734.0989852,242.3689043
22.7927769,33.97756849,1.353367238,480.4557732,198.6281004
28.00170053,21.46404689,14.15670194,411.8717512,303.9043175
28.66775698,72.20593243,10.87076435,457.8511407,432.7585376
19.62136139,21.27616465,1.634506915,337.8486368,140.6877701
39.23961569,72.48210036,9.166012831,284.7996448,470.4948674
34.37832058,51.73622804,9.693925743,534.7357278,360.0894442
38.48747354,76.34406191,3.315490803,341.6803805,420.4729457
37.37068376,67.92699415,18.91396294,358.7154984,300.2858117
29.94749947,79.87604663,16.99950743,691.0804571,400.7825156
38.04685588,41.04270893,13.38044675,971.6835985,57.2901788
17.21231255,66.03129734,9.24591122,643.2734805,418.2711912
19.89957156,44.11585482,8.235310832,169.2815204,68.06248659
16.13068222,48.79253722,13.01946934,168.0252525,450.4610194
23.13325827,57.65032779,10.90863739,956.2808988,496.3832363
24.71693224,72.42062685,1.245462118,367.5617113,182.330358
21.78372579,79.04500815,10.25005298,182.8602875,144.6433503
35.71843773,66.09640483,16.12807234,639.1401284,394.4135137
23.91883317,45.06600693,9.184797552,661.2839005,163.8618534
22.02336274,45.28142014,1.039131551,683.6543381,439.5030724
28.56740208,64.2549381,15.72556399,340.6618251,96.27916647
18.52310562,34.32662875,4.027275643,113.5996158,106.6798384
35.05492452,26.62844679,5.172416698,968.5138325,490.6181998
16.86376609,41.27732946,3.294127069,325.8037411,353.2275042
39.67217342,37.2343395,6.604301297,708.4236592,431.099251
34.30611923,37.77848723,15.13503011,735.9668829,195.9482198
19.96789204,34.01646506,10.38771719,649.0066754,354.4176873
15.13805293,22.52559138,4.097625483,381.6166548,317.4088223
35.38653571,21.07243608,17.55660156,343.9866284,321.4175541
32.6714336,79.26334338,17.5916371,637.9014544,357.1396068
33.2251792,45.66638802,17.4115685,879.4860703,308.9116279
34.28175867,43.05959883,4.775924228,952.060356,243.0780662
16.85111629,60.77883696,9.024786884,195.315224,174.1652125
23.96164321,33.09523327,19.69979312,239.3457513,395.8615989
17.89672649,76.99767104,15.44024953,950.2626329,151.8225935
36.57758565,67.18070086,0.543348425,762.8817055,361.5594378
30.58245317,25.36466014,1.304091825,894.6944423,154.9997702
23.27245062,45.05484655,9.278627536,282.3693707,331.3985765
16.58895876,72.74709845,18.18440412,628.827284,386.1852202
22.77455804,76.68392134,10.77403596,731.025635,148.42125
23.12958305,48.04409067,9.956250161,712.1006969,76.97448539
33.24015446,56.80468335,2.109473999,467.3365218,108.9381843
30.93893678,30.02203677,13.13560209,113.8554025,322.6986353
37.18031856,79.47011757,16.44206321,624.6334511,432.2508828
26.80537313,33.90030208,7.60840015,327.7913853,70.24856956
17.98985615,76.56390645,15.51223702,505.2288215,380.3680666
32.83111968,58.97879894,19.28953308,961.8229136,203.5933907
34.01962622,56.46420769,4.075329183,459.1317859,265.3377665
29.03192994,50.76131066,10.46659262,855.821446,467.9867974
34.2741795,33.8401887,5.742759162,269.6865452,199.3871771
27.34488991,30.59168192,15.85708838,705.2144482,259.4016203
28.06832073,33.22917254,11.55186732,979.306259,56.15708664
25.68852546,31.18629573,12.69164835,191.7037908,86.719424
15.63547817,66.77506841,15.95828319,107.487948,166.366216
17.69728567,41.00751555,7.919409453,490.2245134,62.53350837
15.78572964,23.47056059,18.30180137,183.3629347,334.1188967
30.91026028,78.14615781,10.66057734,773.5459147,241.8792606
22.85889953,73.0271531,3.159096457,923.0937975,296.6653412
27.71426728,75.66513699,13.91798236,490.6188754,128.5912337
37.68916185,79.69446936,15.86522701,332.8404779,183.1694132
21.23230573,30.43371495,6.335233541,490.9629871,348.7210137
25.25957308,43.77452113,17.14358514,751.1030361,484.3862256
33.88877846,65.49430854,18.1228651,108.1487454,72.68754812
20.71995414,61.76123708,5.538089748,630.5085905,450.6729444
16.92449775,29.23375438,19.67042945,651.9625164,309.5965406
22.24378632,68.9499875,2.814230561,673.9194222,303.763805
19.03053218,33.46643431,4.040313368,317.819872,275.1253408
38.24244131,33.42905689,3.684496785,742.647451,81.22733866
35.20300949,52.21846537,17.8797942,182.2523377,90.44458328
30.83509391,55.57639609,13.08585105,279.3433028,320.4104025
36.78651475,54.80517247,3.042085664,889.723042,203.4313571
35.09180192,25.48921024,8.806468367,764.8508357,462.77063
19.66425147,72.64765176,12.3059605,112.3709986,232.9657418
37.31397496,35.93600256,1.6692817,323.5386343,114.4766564
28.48355605,27.77089528,17.64832737,292.9658347,371.6234751
35.18600388,73.32488479,16.07207071,343.7256952,182.0090396
37.4022825,77.33908989,10.10413547,322.8037933,286.4616383
22.95008687,71.72765704,19.34253231,156.2736662,364.0247535
17.75129811,68.57096448,8.355219586,513.0464649,455.11885
20.69837906,59.31451884,19.68220638,759.4601273,406.4860377
25.67769472,53.05144224,13.35839998,646.0585522,354.3624805
35.45036915,25.21920559,12.69342547,705.5845017,355.8349321
36.51826458,44.50719278,3.319097906,173.0342607,475.6660898
15.17380326,42.36131102,17.63855517,956.3416392,183.1208439
27.76868256,35.58522703,8.549793758,854.6426505,50.50044239
25.43527508,63.40520682,3.244668116,824.5812866,172.3795517
20.55269526,49.7525441,0.2521504,840.6854245,148.0511208
17.99663418,24.86277295,11.19511367,939.4394573,347.8255633
23.44037929,33.21099212,10.54799244,589.8285695,335.1702199
38.5727426,60.99552582,14.38707245,280.2538161,317.0576222
23.0800733,24.56785157,17.80516106,655.1052471,57.30954944
27.96976554,71.07241484,1.588131693,768.5933443,377.9501245
32.57547397,49.70879162,14.62992981,764.125654,195.5886856
24.09074006,48.83519464,3.748238882,569.3041218,349.2751951
39.29455207,55.54446708,17.16354106,161.6128474,300.4602928
39.06118237,69.48085796,16.38127028,434.0016446,204.2289164
21.2945574,40.86855247,10.8158751,928.6899476,110.5593202
27.43121265,60.68096915,14.20485597,626.0040188,92.48850395
22.52195775,53.94391784,6.287002264,584.4987489,424.1832499
22.12101236,36.02169621,9.423357979,341.9681629,463.2788939
15.92217368,72.71779918,16.43273795,431.6040279,342.404621
30.23910835,67.8455613,9.185303943,905.8114802,96.54535169
27.56697558,59.50711008,7.155965307,699.8167428,230.9122476
16.28696878,71.03490375,9.884248945,808.6483241,378.02264
21.96616161,72.03765206,16.56498505,508.9108808,400.9193978
37.70664715,62.5017786,6.704160947,667.2224975,103.19838
20.98904727,70.2207997,3.475231863,323.5452479,50.01382348
18.6223718,61.8482877,14.24028041,734.9147473,370.4616706
27.23631901,60.80844631,16.51956425,484.8412003,210.4682792
39.64126135,57.11668269,2.01274957,498.2909633,164.5165992
21.05138179,65.16299837,4.797482255,684.3900921,55.80386141
31.80338869,29.51630632,2.839439795,942.6525593,293.134733
34.04049038,72.85224555,6.958828232,157.6057119,433.0178309
20.9409386,72.31061166,9.007019578,842.2689136,480.9342408
33.20540872,21.75483698,14.97652674,363.1447994,304.5852278
24.19457832,69.54900503,13.0229517,499.5275091,281.5075975
30.80764576,27.73219205,12.41857135,119.7219959,88.27537347
30.83824277,40.10713126,7.047498932,370.9414701,296.9927607
28.3943671,64.61049538,16.82895106,552.3681184,220.9905855
17.25724425,29.64559376,9.425743348,150.5584696,323.2108764
35.88256239,69.07802145,19.58209876,541.9861564,224.9268565
23.01950162,69.92805068,12.68284277,934.399566,158.1346056
19.66296276,50.44806403,2.525294831,194.8538963,92.73437385
16.01937854,20.3831523,13.52355124,787.9966553,191.7133001
29.77232358,37.22228799,6.502080309,468.703948,93.49017543
31.93910905,57.0156151,13.72654393,689.6563431,129.6036279
15.41469572,78.87117068,1.392822963,334.2129382,494.3012714
27.80232646,57.90881162,3.497628744,243.5430363,249.8466006
20.66239438,35.58821486,17.11474518,244.4163528,289.3422949
31.12931976,58.04034219,4.54359114,163.4427511,443.1283379
19.35916073,52.39912278,16.7408225,267.0820344,498.0060052
32.27344345,66.79072371,5.585521769,697.7974465,312.2215022
24.66838366,26.41883833,12.8576382,893.5215507,415.6132195
38.41824972,65.66167415,13.88301147,832.713117,197.123461
18.4380236,52.47599472,10.25309506,716.6208789,187.5847809
23.52665878,77.77952023,6.106213534,199.3886771,231.2166744
17.83683803,40.51232996,4.252887527,360.2687017,352.6282682
38.11734046,57.95731359,0.663787091,378.8261878,356.9862602
36.93348383,75.92168633,6.078928025,324.9612518,191.8577456
21.44854069,26.15058368,13.06325581,563.5050937,109.9444659
31.49960115,76.23370923,18.76609637,581.9984334,334.5783154
35.43055501,61.27314334,17.42408965,421.1973777,107.746638
28.88002029,24.07022355,15.32129553,418.4102429,310.3216287
28.24126446,38.05781402,15.76894687,845.7000381,362.0399576
21.04630727,62.49032532,13.29969807,810.3635635,365.2751734
17.3275692,24.04103609,5.205737151,377.0162485,389.0624498
37.43039395,54.93022761,18.14390061,922.4095995,442.7867397
37.51045143,40.75298342,13.41464624,957.5335153,274.9815464
30.82753643,57.25493107,11.20881262,394.0682878,378.6121353
23.47574478,22.74452203,2.219789384,418.9824539,328.6277309
23.73023937,72.29220837,8.941110876,555.0707381,133.9879729
33.14889197,78.40933815,9.207165424,947.0087313,61.56034019
37.4277565,78.13267132,17.29127219,888.6874898,178.0436236
37.17716061,64.9791099,10.9329644,192.3111663,249.3651679
34.49688865,27.80517441,7.608010979,453.4576689,327.697675
31.05079115,65.49579176,19.53600657,598.0340708,432.4816987
17.10349912,21.47521499,2.214411867,552.8192253,138.3105725
19.04071785,21.32741309,8.450968566,274.4767611,106.4974055
37.46385471,39.41661315,0.840493503,872.9350941,483.5659764
30.16072649,49.31859142,14.79808242,709.2467047,98.62005172
15.22992629,66.22444507,18.36153104,854.1175374,265.3209815
17.53678857,60.9977226,5.600746591,872.8878514,313.503678
31.58754423,46.75416238,17.16683354,773.5202683,293.6184894
15.1265396,36.41759998,5.844364609,495.2895411,88.71447066
19.02020129,79.82747001,18.21540323,649.4920795,75.6621113
28.71834473,45.57087813,15.07923807,244.3288655,97.46754236
32.29737994,47.08322146,16.09813554,706.2808757,313.5144577
31.29903149,29.81742927,0.360131112,261.3279302,294.9551994
20.60673274,67.68857292,19.25620714,724.5546315,155.1833564
32.80448053,61.62093355,14.53341984,306.6383447,336.9983638
20.93122719,33.24617677,6.095021908,205.7961701,419.0303759
23.13499245,24.94286274,16.5878933,248.7560411,68.71053193
33.66228513,60.82995812,5.630423968,101.7929217,274.1584746
31.24082248,59.27067286,17.45507679,746.8656561,360.1896854
36.23058526,36.39557162,2.251607808,759.1609442,163.5403672
31.44032231,77.05181374,14.07371955,563.4400149,188.4969074
29.20771508,29.06347351,10.81396953,245.2265209,326.1370563
17.3418692,45.94008806,1.930689404,175.1989038,454.070882
24.19289508,76.61695521,4.837876565,117.2160698,414.4659891
21.63005919,45.18363902,0.248080726,249.1733593,312.4085986
21.09974108,58.31155686,9.375359309,901.7699815,378.599773
39.32526387,43.85566388,6.025305215,317.3831575,214.1701116
24.82744312,36.45291214,11.96714969,418.8441945,338.4344876
37.30116388,79.03865888,5.944756154,194.810936,259.781716
30.77846565,44.56004038,5.99838223,300.1251743,135.4712614
34.87028259,73.64595222,14.86386397,567.3021137,365.7822232
27.56592733,33.79727635,0.96285672,646.9774148,300.4090868
29.42259712,32.78628224,18.0578999,320.8170827,211.3797119
27.31294235,21.86804497,17.04527749,151.9589433,460.1026355
19.88107469,59.10000952,13.35609366,451.9295822,59.42035302
33.06130288,42.11158062,11.8644314,310.7830338,192.0979181
22.01930906,71.86149499,17.84604996,297.5985309,75.596629
15.60789916,48.3925944,3.706603591,963.8765224,394.9372923
31.1368074,78.09160567,1.579383244,654.6704373,365.9483544
19.42776699,31.13153094,4.790203398,601.1905989,199.1084984
38.51146461,72.11739008,15.89156557,474.1975932,354.048306
38.84821443,66.59581117,0.693405335,486.0499001,228.1717518
37.87160976,66.25531068,11.6561367,586.8145035,390.3142061
24.25396751,70.68699369,19.90875032,726.7868263,254.3826482
15.38641541,65.66143946,17.11392188,731.9314866,235.5258775
38.20796406,57.5732193,10.42891378,254.5245169,470.628462
25.70460371,27.87469266,1.272818186,550.1014769,162.895595
39.16637048,21.95157077,16.62747029,470.7622855,104.201303
39.09049943,75.25087087,11.97957016,883.4742696,313.044401
36.32523639,56.99901887,2.298659941,668.2770291,486.1948155
22.3612223,67.79223746,1.877145696,579.2536598,220.0276462
24.62744322,48.89134109,18.19253639,203.855178,77.91654363
36.27841679,27.03849134,13.38400526,645.0741004,202.6873703
22.92305013,27.51114753,16.58573599,205.4835151,277.6692444
19.23731867,61.13391723,17.57957801,403.485918,122.865353
28.92003156,45.81835369,11.43544704,228.5577683,346.1459981
38.40386935,32.0314836,10.34892704,722.8662823,498.9872251
32.40074492,49.4956728,8.608548206,285.6269025,253.2827642
29.25152925,23.85253622,6.338931756,452.6734359,209.6278505
17.42941234,54.91828411,8.691919217,906.1072999,230.3168751
30.37518067,36.13960427,15.47759311,283.8847451,101.8157803
39.75134625,67.85354604,12.03846862,557.0245576,447.4731206
18.50210038,38.62171754,17.8504658,477.344495,236.671545
27.95824131,47.31320894,8.867600288,116.3116369,224.2734851
36.9343268,20.69723239,12.14179157,813.4823022,346.8606228
33.51921544,24.34681327,12.62615106,162.1413157,248.9150394
32.42539352,43.54961338,11.83394325,526.8295189,341.705061
32.5621021,48.79633008,14.05267546,604.6104654,77.65083056
23.98727878,56.00123289,4.748669367,665.583811,416.1755047
22.33979611,37.49975472,10.24727555,719.7684664,473.2267788
35.23402889,61.69891317,2.084496056,327.9451452,341.9444238
35.25283487,71.60734383,7.690226553,108.980899,479.554668
36.67680796,66.79105933,9.753341372,751.0992961,118.1445415
37.83101381,22.37712952,13.04448519,582.0909394,264.8372853
27.78355997,48.83041684,19.01062105,852.5059329,320.8130303
27.53790737,26.29581071,12.01302133,839.2495266,311.7814913
34.95737947,34.52270095,14.87187832,858.993551,230.6578006
31.24909827,79.1997556,10.12532119,536.585194,202.1379842
32.54917193,28.54973257,12.68208063,400.2655563,107.0708101
34.89481674,49.93328921,1.418644323,812.4023823,226.2841028
37.25013355,57.08934406,5.087831617,506.1647017,123.1973668
23.44987892,62.14789823,7.237061864,265.0979768,380.4645544
24.38957382,53.57892101,9.4498671,869.4766176,143.973921
17.3495485,20.58625085,0.91297491,894.3038891,76.35438738
29.45700352,39.58767849,2.800481951,519.6787805,298.564762
15.89855684,51.0626986,5.536286156,168.1297546,317.8533797
26.63995045,25.27198995,19.43065382,449.0434809,442.3608776
28.56611587,41.03761587,6.626940142,823.1838935,309.6417256
22.1635313,21.99218653,9.640821162,911.5966257,205.4663842
29.77083151,24.71470983,3.921954255,283.1254682,411.3553467
15.76250625,43.81539657,12.21560142,160.2762508,293.1255019
15.93370472,27.96294524,5.61366431,889.6154078,85.67612808
35.56501402,54.0524509,4.139851569,450.4644451,304.6327521
24.00476604,61.36789815,10.33145257,587.5848678,458.6083454
18.17651282,68.03520195,0.110115983,971.2592308,228.3406815
28.0560815,32.00901465,0.153280653,159.9082551,183.3466109
34.24983883,30.04895494,4.381376182,683.4862067,114.5612557
20.39552569,26.27407042,0.73442725,166.6948803,118.1504849
30.5722619,58.18581497,2.160515083,437.9220356,244.747168
17.13368662,62.38854359,6.777212987,823.4330907,318.0559209
16.29204303,21.89516869,16.05171359,490.1250095,86.27693233
28.28386579,76.17273477,11.44097287,997.4641185,472.8058651
28.51587804,23.11827702,10.25335452,603.1533565,389.8101279
30.93574754,52.47778012,5.869776464,389.0459374,313.9807632
33.15228334,62.54363117,18.63507439,298.1001933,422.7974019
39.39630199,72.25814742,7.940300825,415.4684809,86.08404057
27.90750871,62.84521593,1.741855336,435.2799464,264.577495
23.07391182,68.10368498,12.34133032,161.84231,333.5419071
34.87965487,40.36701155,2.27676787,432.6167795,422.8938078
21.77080628,68.88950682,6.904462856,517.8146678,402.561302
25.97428552,24.80689078,10.14823877,750.463977,174.6811624
16.96140953,73.68899936,17.48445049,691.0565362,473.3960763
15.63376859,52.85554257,9.870931607,737.8890897,105.9556286
39.06621037,69.0378662,14.04517532,107.5273137,443.8101284
35.89950301,47.13909707,19.85633678,295.9006596,486.9231123
32.39935515,58.61466171,2.629782398,695.5158596,129.7190855
25.22382361,51.58415966,5.49463051,535.5904314,374.9297289
19.332358,63.89537131,7.891521512,104.7821281,68.12848345
18.91092607,24.89779892,8.436563571,824.0451782,232.4402713
21.25607245,23.62112504,8.220421505,795.528616,282.3274846
28.73066662,34.82619404,18.15222005,593.5772467,311.2903517
32.86489807,29.57268081,14.28065289,159.8169932,471.1717617
31.50493442,72.307014,12.15810428,789.8635446,352.5128093
21.99834742,33.15283924,6.187454357,625.342229,266.575078
38.87163202,78.55191535,16.47580768,803.7639794,414.3537663
33.44742292,40.21374751,19.10121023,776.5722932,477.7397694
28.85885131,30.92707494,16.42396565,822.7018648,59.92976691
30.29301866,67.38191043,0.031302104,566.2072598,492.1345725
25.49000156,59.52246653,12.7280274,226.2920664,88.75946258
21.19327474,49.89174299,1.022707629,704.041726,416.4740507
23.89931697,53.32181306,5.152144407,658.4264065,176.1506386
33.94615276,63.1521067,1.190494007,768.0278685,109.480846
15.35983722,33.70728448,12.07590906,252.8929054,247.9350379
17.90181601,79.78003496,13.73179827,275.4776799,339.7804608
16.15006605,78.48758973,2.289752761,901.3685655,221.4283303
16.01822006,59.01954118,7.676777661,774.9800186,74.55443373
36.3865146,31.97254706,9.124730179,917.4056398,319.7575128
32.59144648,60.81369455,7.381060435,782.843789,456.0814742
26.85434573,24.33190454,2.42050001,637.4397754,222.4469147
17.44585402,21.83915013,8.378955804,688.7194633,147.3497499
27.29039688,35.46097331,15.02356096,900.2151315,249.1598057
26.83679427,47.7573774,1.420153291,620.9260791,71.76321997
19.33004675,72.09635032,1.603600282,669.1521919,419.219413
25.84629123,63.63014419,7.095425837,240.8290444,421.8533649
24.96261836,64.56239127,18.83451423,526.5290981,314.6002085
30.39625245,45.52960007,13.37145293,744.7574008,208.8963
30.87734127,40.75609955,13.57339913,343.8484285,409.902514
16.13260024,42.26232578,7.238399817,282.0287625,299.6091612
24.36531537,79.25897382,11.87321582,382.4441274,421.6695388
30.64649789,22.40655148,0.202623681,317.3505652,334.1564567
27.57840646,72.02188977,12.72192093,293.4213733,402.9824629
36.41224603,54.72052451,18.26573895,482.3657586,319.3533469
31.46734079,46.31692515,12.25146937,917.0546625,236.3634807
19.07336068,63.51545962,17.47397187,556.3536821,481.075637
16.76421869,49.20013649,14.47946111,269.1283427,293.5012212
31.06048196,72.40539428,2.411168328,169.2745024,322.2902833
15.66278276,74.04211184,18.04906615,726.5405306,149.2194377
29.64438953,45.30325561,1.328876887,444.518888,331.5428552
38.50575604,36.60966783,10.67934945,839.6478519,307.2234423
29.38685445,55.54101972,2.842742476,693.5596918,133.1772791
24.70424816,74.74180074,0.234132215,816.6173055,76.81419381
31.08220546,32.63973134,8.440685203,344.7514355,321.9616939
26.45632226,57.37799501,5.900814153,723.1230302,393.6615212
28.64041973,57.89361321,9.720009876,337.6557862,285.5306169
38.53662022,63.98678134,11.54399773,945.1616315,152.0476814
24.65256595,27.89406111,0.874781446,672.7368534,349.9348895
39.0297641,62.94949788,2.460065902,392.0606202,86.04757697
37.63376605,74.54195124,11.17284793,342.5606761,248.8251672
19.89477837,30.78098653,6.863347063,271.8339266,123.5150413
16.73403252,34.2525995,14.58346975,725.176863,133.006573
17.51945003,78.28370564,13.04583297,296.8440517,141.0322771
15.45554564,30.85861716,16.91208726,635.7729393,224.0181757
17.36107402,71.2631056,13.84985653,338.1715242,73.01759253
32.07516934,49.53667139,8.598621548,695.7720503,229.0070484
16.77971621,34.83386446,13.45933245,833.4457557,280.2683512
22.97439076,72.24499408,5.507623485,800.2227188,267.4824282
36.12188277,46.7183153,6.126269976,784.7661978,222.2528452
15.58179839,50.88904124,15.7797032,268.9501651,427.6159736
35.36171206,41.55400216,8.928390328,179.5464523,115.3970116
22.04636937,55.57705109,15.96760681,729.0539456,277.5635347
17.95412069,29.81143236,16.44844747,431.5124924,77.91863763
32.41842913,43.4648922,17.15124675,489.1116038,82.0200555
30.72357117,78.16473934,18.33270472,128.0341835,308.2396324
36.93680034,35.48800596,8.61970441,333.6188043,304.7082912
33.3767761,59.40419987,6.377336366,130.3087635,445.1150808
35.08702326,39.51140385,11.64397493,891.2671953,301.043154
22.05086431,66.40838754,7.423448469,319.0570149,481.9059592
19.43598859,27.85241964,12.02148334,601.6034526,71.91268178
33.76536879,78.1892627,14.11171725,135.0813886,94.10345815
35.17086848,47.22737248,13.76810037,700.1626522,69.82963771
39.76262855,34.1630278,7.49105774,390.7246112,133.3745827
25.31544192,24.40980484,3.337204034,908.1272683,293.5715499
24.30045214,30.18547431,8.610586769,899.30637,340.5074816
34.41032402,51.18643691,2.851882882,392.7615565,70.51332108
23.52008851,40.22019059,17.8019407,910.8648061,475.6869004
38.26893314,69.73300195,6.917549215,996.5419061,428.9744195
36.4603188,45.85325142,3.089194944,842.8740977,183.475617
25.72485068,34.92285636,0.508955198,860.384213,84.7343886
33.77177669,57.0286992,12.91644773,324.1078625,126.4491829
33.86357185,62.40663301,12.73804635,619.032159,107.1249862
17.57809672,30.02251447,6.812083332,160.5303226,105.4777007
37.56382267,30.05715298,1.434237777,185.4261431,283.3527599
27.63130931,22.20028562,8.192577898,999.0033508,160.6313491
35.66143665,64.1841209,6.224349901,393.9753245,211.1628724
23.00124003,59.82827166,13.54241279,773.3655208,495.2774
37.38808071,48.47785254,12.11558499,825.9985477,357.941412
24.73004197,70.65022694,7.291874564,872.2209439,477.0413002
15.27094129,68.34020918,4.357851085,997.8654677,114.1504498
37.63454941,55.12126186,19.76071932,317.3468367,221.9627637
17.28216692,72.09627683,9.080032424,136.3157442,299.6293115
22.98284094,32.3504726,13.76548472,470.0723662,84.54112785
38.75154918,26.71517716,2.811059352,217.0726028,51.88434963
38.76517867,36.18497669,9.711793993,120.1833002,351.6954502
29.3359472,23.42521137,0.550734397,424.3841444,338.8187826
30.7959303,51.87017168,10.10910236,805.364426,234.8549645
26.21113805,76.19634154,19.28034814,609.5626221,270.3398342
22.33026929,22.36061244,7.68413426,381.5001903,236.9493503
23.21661363,27.32659484,0.779920251,688.9078049,60.80227018
31.8129614,47.1319417,0.619115818,308.8163623,200.9172228
33.80936324,76.03250105,7.759735199,112.9433015,129.6870149
34.78947609,38.9693663,3.200498729,787.9180478,94.2908851
34.74045357,50.43408852,0.467041927,661.3687764,480.5241953
17.28015258,22.49437154,15.12427228,786.0723621,319.7118763
27.36050762,28.90059206,9.170460178,135.044215,377.8953279
16.438969,79.19780738,5.784895439,853.407665,191.9136845
28.73822206,77.90712179,18.00166366,657.57358,226.9162083
26.03826253,20.29639886,2.322779204,607.0558156,156.6157973
37.19260457,77.10870713,19.11837658,662.1526433,93.63455193
23.77287531,58.34719627,6.279334348,877.9899222,130.5642368
17.92667541,72.07509767,17.76807345,628.2428559,408.8813204
18.57479205,47.28439134,12.05885753,622.8553419,354.8956123
34.03776579,50.93576171,16.53414719,991.6112414,296.1179942
30.45545158,49.33079482,19.68026326,781.0571504,263.7904428
17.5280669,60.01185545,5.768108756,498.0644249,465.0954276
17.10267015,28.37907529,19.22270971,736.6573,82.7307265
32.52422829,21.79841539,7.789637898,450.3074245,176.270366
16.81907516,38.4757965,7.710238095,305.9879162,207.4720341
35.54650148,62.28084576,6.807742085,637.1666892,402.0916155
32.65605568,32.11120713,10.82815215,935.3638883,496.6315791
17.03371952,60.405946,3.082900864,936.225568,158.3017316
17.12094285,78.19472277,11.07422971,407.7147503,443.4383004
39.66598946,25.63404295,10.83409625,574.9097196,423.7802422
24.35676989,60.35612709,15.23803625,290.4723087,151.0958289
24.26605368,46.62501316,16.67299924,996.0679985,229.6996611
35.31998918,72.08853526,8.808827006,983.0061171,234.3527912
38.68121443,30.62898737,6.046664987,684.5580367,490.1993008
39.6500266,61.55755713,5.186697946,823.9726537,131.4013556
33.83445463,70.28691738,3.892476734,743.5901452,409.621087
24.40648964,76.67685317,1.152951644,633.8423971,200.3867214
17.08751792,60.9948817,6.848959577,148.0131973,378.8916556
34.4286729,49.83048584,5.404953843,509.2879083,239.0049519
28.96010624,57.07083441,19.32834772,707.307672,310.2618934
25.60555023,72.13429907,11.15417653,709.7784525,424.675298
37.65885963,54.2365848,6.945540781,435.8103566,411.8745042
17.77993706,21.82322358,11.60935202,947.522788,439.8904326
27.31562761,75.85692173,2.783934027,250.621329,76.82779641
15.28384112,61.37160506,8.880874984,550.3235016,361.4227489
26.71651605,60.59080315,12.52468643,721.7955789,112.9943195
16.40758189,32.94050914,9.777956636,727.4222253,237.1183556
17.97044791,59.53312821,8.035576013,683.7750611,296.8647868
17.93815617,43.63186434,19.87696778,347.7593921,231.2327681
31.23025755,59.07397862,17.60629524,240.5859118,283.8252541
33.65112198,26.39558182,12.46811916,672.3462941,498.436839
29.58421913,59.47071828,11.38754722,639.3719045,110.8477912
39.05431371,79.96482355,12.4132096,261.4204093,353.9552204
24.37176449,22.89272233,4.026242156,734.625231,228.2004349
22.14280216,78.63045105,7.902754865,509.6547926,109.8544095
36.7149782,44.41447764,0.789190658,700.9845324,121.4315435
20.58989596,72.24520702,9.51092075,853.6303718,477.1728978
39.08056349,66.94312904,10.86049168,252.7555857,445.8206735
15.30386187,54.02097566,4.554994722,117.2303812,458.1688822
39.24697067,64.30695256,19.28057694,801.1923278,496.1897491
16.0789978,72.71093368,18.18909222,648.7276826,143.7419255
37.27857784,44.2484193,14.44286471,729.6756127,209.9477018
28.19252773,39.62198969,10.66773258,854.3394775,351.1485635
39.8241199,60.05560313,17.39938319,822.5298413,267.7111429
16.84491412,68.47075652,2.613046876,964.8281322,238.27529
28.84635711,65.73710809,15.81019589,582.341571,211.0150622
39.23256339,67.86881893,2.496416279,539.6460694,317.2012844
28.0774461,46.13499889,15.88421325,461.6984799,309.0170429
30.73496595,69.07005297,5.515351365,238.3219386,122.6560253
32.39371722,27.21254332,17.54181162,615.3465096,262.2829269
26.36352662,52.66934588,18.88084188,349.3112719,299.0622993
30.688952,20.34551963,2.975919388,929.176761,306.6291224
29.6078578,39.47514979,9.253512101,624.8717238,144.5482368
37.52895026,41.98769209,19.61974756,633.5561625,384.0221265
16.13615951,43.7703615,9.668148719,419.4321948,61.33959267
22.02407974,61.7280324,17.27095045,146.7904168,209.674335
38.7602871,43.31348608,11.77463044,128.5693888,401.0956918
37.2565946,46.92161736,7.506598158,481.0016297,303.7518145
26.39141882,34.25264785,5.715671111,176.1088403,167.5230946
30.50331495,42.3951075,4.064461822,646.16226,362.7289037
21.93452957,33.63617764,15.23596383,892.8757051,305.3259249
19.70302899,24.39175543,7.730810136,894.6233349,408.3096243
26.59246012,56.2069156,10.22550924,693.1408691,380.7613338
23.8338057,60.09276791,9.8465096,290.1086483,324.5485649
29.5914028,57.16942076,11.54558058,876.6971482,269.6799539
16.94336592,47.80964263,17.31154291,897.4840918,109.9319566
39.35987019,42.78714681,19.61478687,276.9882265,167.599858
39.65526861,71.80001897,8.151684171,763.6834772,238.5947628
32.45404285,51.14490711,16.55037844,357.867594,319.6846792
28.40240916,48.75091266,15.29055589,822.3762811,281.1685348
22.73819041,21.53852395,11.47057903,997.5141099,179.6830367
35.34487549,40.47486966,19.12094287,127.0234048,52.90896101
32.11827931,42.81173713,4.009490311,907.6292792,273.3076499
19.06542348,43.92936685,2.185284206,660.3674802,178.5316949
37.77317961,54.81034215,17.07923934,976.0443572,380.5737353
35.56343107,52.0161528,8.782996333,518.5085658,60.77581937
38.74499783,56.47430557,16.93937708,862.6491375,313.1725151
33.14298771,65.89299569,17.8618041,156.1546617,473.6634069
30.3353799,68.77914432,1.249151872,401.7511451,128.4841702
25.45607591,63.08738457,17.66929526,160.314884,262.2422708
38.31821208,77.33142176,8.966381107,977.8088201,91.13989632
36.65159724,21.09395496,10.20864978,835.2765165,331.5568605
16.13046675,31.74667914,12.53185022,867.2926791,297.7392563
15.65917436,20.4537725,18.52765213,944.1687083,233.3144859
24.41158417,58.84848285,0.382321889,176.5931375,284.6196597
35.26383327,73.88183294,9.536869366,447.0378333,453.4585963
39.68190323,34.60893779,13.75444085,163.9314001,138.332436
18.76042228,75.62207269,14.45413915,289.7137914,60.15403027
29.85326788,23.61604342,13.85064863,306.4291993,437.7491981
24.52227142,76.06616161,2.688702588,522.1964899,309.7026871
39.24785995,41.09736123,5.987911767,341.7059507,450.796305
36.05297308,26.08524971,7.174310508,190.8802961,318.6253505
35.95821762,49.15230555,16.08874415,250.7419802,414.5724905
26.71732899,35.40659406,5.575197448,232.5480072,243.3530135
25.37048756,37.09237412,4.214099277,975.7691181,387.4369691
21.8351768,38.4373979,19.14896038,783.3632562,460.8686601
16.40938742,68.18155387,0.177265702,970.9853187,307.4553337
36.61805941,52.3496766,19.95641711,495.7664379,131.3533178
35.32252523,38.67846195,13.53642598,350.5316335,170.9589268
39.99294183,56.620027,16.56938599,818.4638775,139.3900596
39.91592093,62.96904045,5.892387927,393.6285262,161.0856624
28.88579264,36.35744004,0.286305553,369.4450363,187.8869522
34.22468538,44.81294609,14.75739037,309.255393,299.810204
38.61914325,27.3131656,16.68289194,216.7110804,314.5962333
36.24118477,30.86896097,14.80952264,330.8167549,241.9248863
21.18370254,60.86707124,2.857005746,419.7877736,326.9393509
26.26360338,30.88630086,15.06855845,706.5947873,86.70871653
18.22898538,51.50980302,15.37845564,156.308358,89.50470668
38.85127568,62.5427757,13.17081031,289.4562457,127.3232572
30.15436586,26.41261539,15.32231866,828.1212763,283.1348741
20.71607014,54.03873318,16.91842879,232.2297312,146.2976054
31.79251711,35.39376702,12.27208228,408.3806319,177.4779816
30.45320601,77.77561251,1.772094279,878.1930297,230.1407763
23.95406795,49.0127388,9.752556193,239.43278,415.3397558
17.8389398,68.35955299,1.552986693,174.4631521,56.23796116
31.78932989,53.01359253,8.150860621,536.0841956,342.2204691
28.00769252,22.60475197,8.142129783,372.1775602,350.994439
34.30795979,57.98908254,1.320196883,607.067528,409.3951012
28.00408753,77.08420053,6.976410679,823.4244014,469.7388226
36.30453751,56.09670921,2.219961976,223.4336393,59.06203203
28.79767097,69.15133157,16.1647042,622.6291761,119.2026675
29.02344929,73.0523878,18.95376052,554.9578844,448.7770823
36.91634007,33.68478632,1.446329505,229.6709074,256.333353
25.08707166,32.72269039,19.10230415,661.598637,304.0657875
18.35038071,56.65885933,10.45153199,346.2763761,348.3622417
15.71956691,44.66170819,5.991313559,539.0508867,355.579972
33.87843139,70.39167817,1.537241506,174.0450918,469.2831815
30.50773878,74.0013874,10.01248536,513.6256515,498.6272378
32.6019942,41.20528276,15.89031089,375.8171212,374.0708574
20.32410404,34.21223354,14.14172955,840.1430901,179.2495441
18.40928689,66.83153091,1.004520229,151.2808543,445.888581
15.36361664,36.48836213,1.458036707,476.7465474,72.14941154
23.76468897,69.35685911,8.057465653,512.5882817,153.9863838
29.74794217,45.42429522,5.905809881,752.5054687,453.8235729
24.80610113,60.05299396,4.647686461,616.8588176,165.2861815
25.93687305,25.73211883,5.620089978,700.4911035,149.2929768
37.60396736,57.43155948,16.06965487,799.3443571,112.1563819
23.70638668,47.10606072,18.58456107,875.9826763,436.6002909
27.84973723,55.19650779,8.102053891,382.4879471,275.0262166
34.59132532,30.08085246,18.12222004,584.2204348,353.7019414
24.91356956,64.2124247,6.429914025,856.0972706,157.5798728
30.55216751,71.76782465,9.528739727,990.5060179,391.1181895
36.55909272,33.00438801,4.520579956,900.5673799,392.0024952
38.73801559,25.74287333,12.80952084,434.3205364,190.6691112
18.67683702,21.41831516,19.5796223,275.6498655,234.8071849
38.16469063,58.51829003,12.06986192,540.4532837,144.3606248
27.30290733,56.42564217,7.156281682,767.4773067,489.4524605
21.45610971,52.80184476,12.95634892,543.3121637,340.5211597
26.47839391,33.91682577,2.458413569,534.862777,470.5447463
39.50081438,43.45435975,17.77318161,854.407379,186.5234946
27.31545235,55.66858011,10.06167902,425.2634012,401.8509108
23.21879026,49.80601153,8.986994841,873.8152073,394.6363897
30.83502136,79.26713121,11.71729577,466.1243209,361.2450433
21.00364047,28.18638515,12.49567726,395.4097951,484.5375389
16.8965832,61.70867324,1.435516125,508.5909201,227.0999012
18.22199305,44.25912609,13.65234442,786.2022628,108.8227956
18.20114597,45.6919769,4.838633606,213.4018251,352.2689867
18.79756734,63.05586594,14.27905265,276.7772943,378.1894102
18.47067932,61.54616908,16.45069589,956.3003431,308.7772581
31.02186862,79.47535962,16.07917015,257.9424646,143.0680519
19.54700211,27.70365737,11.05001935,610.9545861,277.0051738
23.64168208,26.24657896,10.40339785,621.38302,190.4853815
37.41971025,63.46032903,2.857519227,540.6620158,242.3599377
26.84904101,54.70321502,15.50692301,680.2707237,340.3483591
31.68894346,36.44963999,5.428187609,306.8440532,385.3466342
19.30799678,24.76516214,9.933908456,597.396041,154.5011109
19.80722547,25.13949498,5.685481859,434.9559297,232.3964123
16.02171541,73.65145248,2.67656726,695.5005337,171.1227069
19.22337658,31.51203948,12.59115394,227.101189,139.3842262
21.96475848,39.40229373,1.086640696,613.7896752,402.524249
19.42526211,33.59938413,14.97290468,266.7433198,459.1637125
17.21756334,41.29977835,6.351735905,350.7787568,216.6044836
18.01589678,24.16543056,0.00269386,296.8388203,388.075516
26.5194692,51.14358745,10.22258278,264.5540019,453.6478802
20.15834296,24.05675382,0.937038171,843.1398564,430.7558947
24.10674653,68.02139047,5.523391156,357.1368109,132.2660248
27.58543177,34.02272491,14.13952975,934.4114037,480.3313467
32.25987072,52.40071488,1.253792432,972.9338728,219.5043982
15.9828035,72.80474525,16.78676985,614.1344229,202.6582975
34.98525997,59.05264214,0.076398453,228.7010104,78.09409728
30.69750974,51.97746719,4.936477384,437.093419,268.7781443
17.0439758,39.46002519,14.81808112,817.959037,99.05612704
36.8394656,39.98011478,6.325402995,430.6516558,161.8429194
38.02181001,60.16921731,2.037847761,178.3154965,192.6241798
16.526949,79.64836167,7.204678376,601.1064198,413.9718456
21.9219412,59.71035139,5.407865728,860.6087663,443.9698927
35.15503199,53.46700504,16.85423804,816.3337484,186.1098429
33.70649226,63.83903061,6.266958352,257.6108261,436.4141546
19.61302548,47.91233674,15.77864944,705.488153,435.7539218
20.23373308,23.60854056,17.8374429,298.4538371,394.0929277
24.26180257,53.73780895,8.676348392,296.3867811,116.0128013
27.11307463,77.45751707,18.19886288,886.664596,360.6452811
30.45636929,30.51817654,7.546361079,324.7020575,475.2608291
24.22284099,61.40029345,19.28156833,336.9226119,357.1432154
26.5633679,32.05602132,1.785790491,100.5880517,199.2275821
33.68677345,52.14966107,13.74038533,883.6021307,275.2606928
15.91708007,25.80058698,9.876280809,813.3353319,340.5762695
21.31092361,47.02225618,7.752976109,664.5960416,279.7566839
32.83373965,65.36979973,12.65423757,775.2391875,103.9788238
37.38017094,40.85429145,14.07714183,236.8437107,190.4288201
27.79193605,59.89470347,0.087265393,512.4912351,411.0782137
28.30283713,67.72699765,3.339061775,416.0974486,437.6381207
17.67930028,75.63066917,14.26092101,184.3988736,111.7850147
26.18530917,34.07852491,13.32770827,537.5174367,478.5740386
28.31543166,43.95895495,19.3209501,928.6656853,197.970178
21.06176259,29.1449608,15.22075581,136.0532071,348.0411824
21.73108077,79.54901013,19.01545415,362.3148221,388.3213157
24.43210408,75.62005808,14.05081003,286.7868426,415.3758056
15.50177994,52.39742782,5.961044173,314.3319883,475.587366
23.05197914,70.52199766,2.107298445,917.5910967,190.8137966
20.28620017,51.25747864,15.63647727,521.2621488,436.3279045
23.1874338,57.41514128,12.88298443,519.6694716,109.2591065
17.9940533,25.34746593,0.963720248,784.5180782,367.2684079
37.26318202,65.31622523,7.201009318,239.0429836,383.8899783
29.83981134,27.66280902,19.13599631,538.5388187,354.9754585
31.97755798,69.56405782,10.00802291,486.9866927,163.5416313
34.72928097,66.92168526,8.65458272,637.2196215,442.8694162
27.46105497,62.52468186,9.153992103,999.6019329,125.9863085
17.1730072,22.16962283,4.17765448,792.5040047,74.13565618
28.42766355,38.18770136,7.374143417,458.0791327,372.8592458
29.67102795,35.78675419,7.39626512,844.797747,263.9640719
33.63598685,41.60818445,1.047100404,253.637527,432.094109
25.79148866,25.25856481,15.35135257,127.4173177,222.5287135
18.18950757,76.21746938,8.330088638,284.0035352,125.7253648
22.09439764,53.22813444,16.44359774,406.3704005,426.3989866
24.07705741,38.33145864,17.00696002,559.5226817,297.0093342
31.14793103,43.81889102,4.239881094,653.6162265,135.1381066
29.26945762,46.83215243,13.14706964,919.5451455,374.1727994
23.90241815,56.03566,9.445636083,558.8686086,280.0011373
39.66288122,50.94076566,17.60313476,551.1480802,321.940842
30.14437048,75.16351839,4.314813584,145.2187088,257.4042522
20.93066979,49.81780897,13.55626401,131.4203974,422.9190427
17.54456182,79.52948089,12.15504245,596.0439657,423.3032221
18.82147848,71.08549746,5.906029551,494.3607519,369.2249698
21.14894321,32.51063086,2.732018073,855.2623555,97.43061983
19.01703433,75.83571288,13.03279521,244.6116262,427.4842379
19.6641756,26.98198387,14.77194916,122.4744959,351.9558412
22.12737922,69.04698251,6.312546875,504.1348911,363.6608747
19.33433988,42.83739761,12.89665208,313.7307011,213.3422782
37.41913562,72.67845923,7.902618152,144.652936,445.6758003
17.00584364,72.08340141,14.26413767,752.1384582,376.4172201
28.11278474,68.35552401,3.984305498,200.4337,100.6657099
25.25992067,67.40182618,17.80430005,647.48755,233.5001155
39.55946542,38.28074835,5.748191929,352.9447752,448.8711629
17.80097255,24.85515698,7.355719755,256.1464453,71.23851576
24.94638998,44.17881073,1.161839042,441.7763706,482.6374788
39.23676083,30.4114709,2.230244246,821.3011986,355.6231557
36.63767815,61.69706533,10.31723805,452.8842192,334.1191899
35.42680177,40.76598359,5.351853535,775.6926843,171.7516654
21.44757068,78.53661205,16.70960451,212.9376671,161.9563049
19.27218968,58.45832464,0.293867773,795.4942777,473.9261988
31.7160805,69.34883382,7.581880973,313.2399924,184.2226044
38.23439973,27.95148036,6.746910935,709.6538169,398.9773835
28.91907233,71.72086894,0.386552618,609.2033994,226.9048092
29.29031724,75.36543143,2.48736798,936.2302455,112.6643319
21.99947734,49.22371513,8.272853498,448.5902662,54.82188396
34.23732333,56.37517627,9.857291689,159.54867,294.9158017
19.67609371,65.88858805,8.085794945,117.239937,489.1004683
23.09198091,30.49031764,10.61875357,844.1727049,216.1112872
25.63591097,50.15396459,11.9026335,572.2620739,210.7365503
27.69025947,43.91978167,0.198476423,797.7196467,204.841228
21.06024331,28.78243953,9.281903189,310.98304,284.2447268
17.87092062,42.05206534,19.26998482,410.575371,248.2991975
30.26550106,24.09033856,10.3806456,127.093485,445.961582
22.21576383,21.54871442,13.55084535,965.3430921,277.4843563
29.53095554,28.10997735,6.237277158,701.081116,278.4910272
18.85906788,77.7869067,15.47982756,939.884579,112.2672176
27.02850255,52.97177215,15.45842964,338.9467667,492.2327934
28.31473581,77.94932967,10.42592095,650.3172501,162.4878009
16.29558842,45.9498727,19.52027647,710.6499715,83.01383036
23.41510695,38.70896799,2.511004295,385.7947302,348.415812
18.36036692,50.36851177,0.338953298,863.2983115,317.9148666
16.58437426,46.37070132,15.40316424,952.4453166,236.8155443
39.74900581,26.33988106,16.14311075,896.3696059,239.9865052
23.05884612,58.44957888,2.404144582,765.1602783,403.2787645
35.24686115,32.96229095,5.311656659,349.7182118,138.070688
21.36601637,57.17527729,0.351047267,353.4544379,419.1139935
32.03756806,59.01206554,5.866172216,967.0242884,341.9362013
34.0056965,29.12149119,15.46283748,109.2560463,238.5363982
29.89096852,23.68097763,10.35921055,744.4449759,256.1128775
26.78940471,66.84569516,6.961911863,735.6215463,165.4912432
25.29602285,47.58802543,7.434785898,660.4205869,388.4514497
23.72170666,23.48982773,0.027072514,991.0979615,280.793634
38.23822861,79.69197903,5.996010551,380.6914922,194.3845442
35.76548519,23.46683366,12.92917483,405.9746774,318.2225521
39.12567277,61.70211373,19.48388888,171.0454627,498.0805034
18.10743059,79.02073552,16.94121654,498.5183229,245.8680258
33.27168688,34.35080625,0.471899293,334.9436736,464.3111304
38.45851142,28.53496212,17.97121209,409.048032,205.257578
19.53082665,27.28309637,15.66396827,851.1146112,74.62971812
16.66240668,38.19650885,15.60752247,941.9360622,141.9089479
33.52801623,26.06274866,9.15991518,267.1597648,238.4128145
29.36182783,61.5296805,7.960105859,435.2580384,148.8357179
36.04571942,23.73750789,6.058314577,935.7675059,50.1021672
18.49430942,50.56532769,1.313897179,155.6276146,461.750692
34.8816828,79.80181123,4.56470727,183.1244753,429.7457351
20.040683,68.83821617,4.9320727,246.5118903,384.0315042
19.09139857,56.91316629,9.681541394,635.6915507,125.516568
19.10664495,38.37521725,14.94888813,235.4250439,104.1636093
35.36436801,57.43375018,9.476196568,971.2687433,80.42213726
31.62993052,51.62248783,1.156888989,502.0430745,375.8131349
28.07663562,45.56500303,19.15579602,551.3661643,467.9635823
23.9707621,27.8426226,18.85448638,321.9927542,243.7411194
36.93001352,73.19625291,15.70379086,523.8642272,103.6133024
24.81112769,46.98707893,19.82655803,695.7222694,280.5767693
35.41498599,31.67735071,10.88964666,776.0594233,206.9743584
25.97837271,42.06556105,19.25536701,778.4812744,218.671216
24.42361074,44.84778515,1.512100812,620.1020014,329.5987809
26.56699464,69.65227373,7.313614965,913.9237975,373.423151
22.53444685,64.01686283,4.50762536,835.6670626,99.77161949
33.6902345,66.15829362,3.916661683,781.3433032,66.01560386
27.56800975,20.66187587,2.816058978,150.0449695,497.4486362
20.80531738,44.96923989,12.44827283,106.190166,154.727757
37.48936433,48.8806491,15.62643711,291.2025495,74.22373621
24.59728053,21.15153661,11.56596799,697.1712345,135.4438981
28.58882153,35.58879252,2.939254192,470.07774,67.53103086
37.66180277,65.61738939,16.2224754,462.1656334,226.3149026
30.6059499,28.22658234,12.71909414,896.1281994,411.080803
17.92245102,52.11860789,7.763314123,906.0065633,203.5600024
38.49580309,32.91211232,13.48260591,918.2577376,249.8825331
30.69270133,20.72724648,5.198099585,382.4902689,354.0140481
23.37264037,34.47208746,6.90384417,721.9502315,279.0023315
18.48180182,78.55242529,18.34971686,344.4698631,437.6505587
34.85062973,68.09222671,5.810090113,271.5488498,439.7160538
30.5018189,77.57459866,9.399765363,266.1692116,54.45981297
28.3365273,49.27124264,17.80282275,407.8968588,400.1208379
37.34731458,26.58417192,14.15442701,486.9618578,257.3301201
34.71493028,52.87756934,1.244064523,847.8542539,494.9782436
18.79187199,47.26264007,2.946060886,207.9019841,267.4544341
22.79305169,70.66142496,0.156831815,761.4332627,494.1031754
21.2122285,25.88495485,12.6184358,578.3094228,389.5562125
33.59865731,49.29446822,8.953468508,359.1508084,161.8721981
15.83831087,29.00291988,2.685497018,543.5376261,292.2777407
29.24724212,39.48055561,19.15868242,369.9478628,496.4610378
34.06146714,64.24142464,10.59319448,636.4737597,435.8887735
36.91914092,48.56108776,4.837865882,490.4595306,93.81510221
23.55204372,42.55329711,10.01207142,247.9649762,367.8673986
35.53143262,43.66857671,13.59240665,204.9247671,205.5108136
17.76579342,47.5668061,1.524784359,592.0261139,53.14201785
36.16130729,67.10099263,5.494076301,912.17173,231.5664361
18.18721656,73.52508134,16.13930982,409.5619179,155.6394898
24.93218226,77.32008119,9.193297408,759.7000965,418.4911717
34.93238414,67.21420318,10.93154284,692.7952194,201.798774
18.74793568,38.92441374,8.656320044,938.3994229,422.3856623
20.73128488,61.28808237,0.877998853,838.8829156,50.26907248
33.05631421,46.25618744,3.314995596,609.944733,188.5186175
33.00091341,35.28023732,8.910832775,691.3274484,158.5243464
31.02869082,70.45229477,4.183709308,908.5478199,155.1053125
32.34871111,22.30558094,0.999580573,459.5669061,80.68397889
28.56811108,74.10571953,16.87299328,394.1152353,134.2059217
21.29497647,47.68864788,19.62385058,109.7299753,299.9973064
23.64239984,58.23208861,15.86285748,843.8959668,181.1124828
19.53994292,59.56123533,17.07569843,820.8826304,237.827652
37.71126403,73.70706444,4.839542606,194.0090663,219.5900962
29.58479487,58.20018093,19.21253951,619.171643,444.1572162
25.02128542,56.83601509,3.938514089,517.5835284,457.3845496
26.55014509,23.99912243,19.02859621,206.838186,271.8306372
38.68208349,51.10448132,19.89638588,982.5114044,198.5701776
18.83378508,29.01014005,14.23445611,293.2262987,98.0603168
29.6557458,64.24602612,19.62287464,160.5107621,479.0312957
27.64721697,50.73331525,11.39079559,635.3626416,77.10212521
30.28635589,60.81366675,5.190835664,764.9800094,183.9426249
15.4527546,22.50037404,8.739917713,129.1991014,184.1297905
36.80309772,25.08752096,11.87121871,692.8458749,194.1805788
38.30295706,62.97940328,1.461631241,579.0626884,123.9290795
29.12832959,24.32506016,12.44686529,192.938508,402.4226439
32.4162706,24.27540367,19.62355674,255.2714893,105.1240379
38.06248453,20.72650851,3.802152996,611.1768676,335.7079966
32.68096586,77.3900839,15.85190233,366.7218522,105.730712
18.81347607,64.25050157,18.15797588,944.4841558,81.74103692
29.407209,41.19508451,18.87403186,836.8662065,459.2432767
30.16787616,37.79213488,19.20271209,985.2104859,135.5579448
25.60326678,40.98219378,10.42919277,333.7037551,419.5625696
33.41110589,66.47921187,19.54615816,972.7512695,295.083892
38.35917537,59.68223666,15.14620414,488.1104828,85.03543382
38.13921282,31.11173407,3.233428725,412.7669158,479.9516861
26.27098429,30.44656012,9.538002129,145.3145743,161.1325251
17.83095115,25.90373898,14.36662351,147.4887321,436.8404054
39.62102997,59.61816318,4.946806316,722.8101304,125.9645026
35.97245216,65.86235973,12.81230367,512.136095,434.274297
18.11656703,35.9027857,13.33200958,303.8694634,55.95296581
38.02104707,21.25669766,3.253994876,652.5732757,280.3012055
36.74740905,24.93030005,11.30170625,327.5723064,396.2491607
27.97095143,78.07160209,15.43253822,619.8685789,470.6579829
29.78188589,37.72668665,9.977913291,423.2878723,459.1409613
24.9750676,66.15338887,0.242062336,841.197004,418.8311913
16.36904097,57.47981413,0.180769382,838.6265447,449.6861073
23.37993104,42.91637838,7.140586879,529.6153583,139.6488586
35.07133621,32.34123573,18.52388137,415.7371984,177.8829331
15.11580058,27.28318509,4.573535592,426.3038169,180.0358362
23.33747929,56.90077808,12.68727378,825.1430731,219.674269
24.95421734,66.47802684,4.441517414,395.3615345,226.9943017
28.43489007,58.63425521,6.433399793,288.1534363,295.0498961
37.99639041,51.81812799,16.96084179,176.2195077,121.9458935
23.65864986,22.51707341,14.57722885,520.0238088,361.0609987
23.67383005,78.10932666,1.907985546,533.918889,125.4049427
33.4375312,67.9228515,8.57404042,856.8178394,189.6388169
26.30544852,37.5693222,0.583395273,299.1148268,276.5053088
20.61512057,78.79821976,9.617802932,442.8921463,408.3982527
26.3109879,56.11289538,13.24868023,827.565165,382.761155
18.52142551,54.94535949,2.370052472,841.2612497,340.4904604
19.40967466,64.88439077,5.777698778,446.1499684,120.0979673
27.45919432,68.70618729,7.95673251,513.211621,296.1704055
25.47313624,59.38871644,18.39062049,372.9573018,89.35092581
37.87114753,27.68574478,19.86510031,939.2993906,219.8134296
24.05984748,40.29605036,0.89822598,206.7793892,236.0824386
29.51470876,75.68501842,15.22015847,940.3744807,67.91514775
30.8066072,33.47693671,7.434481328,715.4798067,173.2946448
15.32736141,42.33002143,7.849163725,578.4149374,480.0422603
31.5884343,45.92461298,15.08529947,129.3931547,479.1346735
19.45089917,46.36429938,18.36852864,528.0365726,208.5471744
39.02675794,56.77637495,19.01857189,466.9732945,69.39504903
18.71656819,76.58455026,11.54245172,245.0969308,130.5927227
25.36560309,34.44156271,7.142423186,690.7686432,226.498007
17.1337417,27.29008258,15.75098172,974.0358166,476.5008641
39.9218563,31.84822939,5.020027665,605.96993,113.5395786
27.55487526,73.21549401,11.28148058,743.2779488,393.5821297
29.88462543,58.74864876,7.17156923,161.6054073,98.90714272
16.67691193,37.15440735,13.13262147,475.9002962,491.5659098
33.74901176,68.95681634,4.807978258,204.7226366,221.7274246
20.24763983,71.68219978,3.831858915,651.516252,398.8555425
37.45135724,70.79086032,18.36478173,944.6339424,204.1659873
20.12849101,75.13559202,2.036073659,695.5999592,332.4509947
19.76719302,35.13446121,10.11915815,169.1227435,136.4072381
15.9137417,65.30251572,4.417055659,419.1995845,115.7094587
26.80167363,47.63236984,0.778599267,595.5970415,472.1288628
29.12102833,70.51991317,0.720376366,462.8869805,462.9412751
16.64271599,63.70944063,3.504435442,850.2796094,449.3610231
34.38819042,66.58684679,17.33540709,833.2039042,331.4450526
26.33222087,59.36971026,5.64957488,650.6479181,413.720695
28.10975673,30.64572617,19.00918341,436.1121506,81.06662161
26.01906867,52.70161513,11.63244586,329.8027364,200.6550689
25.01907652,79.08018437,8.732283795,195.2868864,191.1664061
28.99100828,76.24328399,11.60177669,419.4079151,336.0403949
18.88100615,22.59042415,10.3339677,471.8552655,210.1809981
19.54820326,29.88888894,15.17552508,708.2406326,116.8280517
36.54464053,27.90372641,5.649921319,692.3438419,318.4101839
38.65288655,63.5587946,7.061007832,163.0973257,416.4727643
24.33273291,69.06711979,17.88188605,455.7333839,221.9555725
21.76861683,32.81068198,18.92913026,263.6009805,109.5209218
31.09998858,50.35116158,17.85116455,241.1314348,138.5096888
25.21835428,70.44218168,8.388959879,844.5719348,156.8674873
15.63465889,63.96809269,15.60731006,137.723695,184.9539168
18.90381493,52.53423233,9.526714666,477.2645883,339.2577817
32.89930572,55.42086143,9.950797043,251.3832902,320.425468
31.47309855,50.50163281,4.093602181,891.3971941,363.2359377
15.67739981,37.85290708,11.82260607,601.3364619,213.125893
20.54930405,53.90131957,3.722717955,308.2425727,420.7989433
20.77686991,61.33311812,6.631293981,552.1845584,141.8394475
31.79731859,72.39937495,17.10060403,758.3377237,261.0683364
15.49276344,58.17748124,4.141516184,962.306208,410.4224247
17.60271455,65.66729222,1.423165703,298.4014038,131.0713915
34.99790213,29.6042981,1.380151852,897.5635949,99.43840118
19.46361655,47.69344847,18.81569041,940.8737028,447.6577855
31.3186527,20.55989719,10.13840876,924.7784901,204.3183482
20.95456953,34.80073187,8.188241436,671.8729212,357.7415562
17.48603482,63.58770291,16.21757162,666.838589,61.40687192
21.07930477,79.50859708,16.71651856,462.8895699,360.5210998
33.0566733,25.95068598,6.643820662,777.1580941,192.2455902
36.3924117,44.08965895,13.87236115,578.1646165,75.08338411
35.75549661,68.00425812,15.42245632,709.6942641,324.4157427
24.92958824,32.24213808,13.09301374,485.6121135,158.3617172
31.70212841,53.30509696,3.031901496,758.3468176,224.0632589
20.12460739,63.98427776,17.51766167,842.0243658,86.26136553
22.32869326,56.95912702,10.78189105,231.7926309,116.223463
37.40839546,31.28148408,5.649448527,849.636744,184.089756
15.32504809,41.32307412,8.504563709,586.2668786,90.39177525
17.13771327,67.02750707,0.751421808,860.1993182,459.8718191
20.19715638,53.25359085,2.557336024,488.1715357,52.72116943
15.6633051,20.31377681,15.31093501,441.1364368,267.7370985
19.53588588,65.6594456,0.000232695,923.5546593,105.4613562
29.57603902,22.1186813,8.33131657,326.0523408,188.4555903
25.53561376,64.74402696,10.45020362,859.7910928,466.7268019
37.31679278,32.14883361,1.0926884,535.6185153,122.762549
35.43608904,77.48440881,19.46156326,562.6858983,484.6245439
23.54543379,42.07644508,4.522506625,377.6214533,142.6074696
21.48558584,39.61589698,6.083974393,615.7379806,383.7047488
24.4923102,28.93328302,6.078850245,392.6900766,296.0047692
29.75737356,38.33625293,4.608333242,135.3424728,448.0154274
21.70159102,72.59904571,0.029476442,344.7987448,299.296965
30.6037227,79.78006026,14.58689588,105.7411391,290.5516486
25.2352913,42.09857183,19.33691,980.5193084,137.9561002
28.80117952,46.91663786,4.485869666,969.1724888,124.8032129
25.90316323,63.32425629,13.26094384,455.6397677,462.420118
22.36164399,73.17174683,14.83792654,755.5337689,197.5271895
38.71133267,55.58266005,16.96850758,411.2254886,217.4370147
34.09014485,43.49154189,8.45258394,703.9838414,391.9206463
18.50282939,44.75731045,6.058618113,824.8870387,202.4705671
36.7116994,61.73708879,6.50590268,952.0806202,478.428101
27.18577996,20.19309582,14.25242666,460.1910483,382.067496
37.36380567,57.17536025,16.33558933,804.9681847,318.8431592
34.9963814,41.32958063,3.632279355,339.3356056,446.4028222
25.63033761,67.65183988,7.418820163,991.2990734,72.32265876
15.56173271,25.57943839,18.03880393,123.1926389,165.6782115
21.71693398,55.29213602,16.13387039,643.1759259,259.2663504
28.54085537,48.85837339,19.69716806,693.5553835,152.1403428
30.8369555,58.53953155,15.08496519,719.2410014,384.7573343
21.44719214,23.89121567,7.863904021,208.3488209,463.643614
18.48390185,54.79902725,11.81275668,944.6768051,240.696554
35.87325592,53.68907528,13.22028508,263.0649511,203.9596701
39.61005452,53.63960566,1.569116326,660.4780629,482.6978295
28.14225456,56.20926,10.88993918,300.4084712,250.1835948
19.29198215,60.58807623,14.18641657,376.4947753,270.0717802
21.80768316,68.29933998,3.34642608,591.8126876,208.2424426
15.45976691,36.18924321,15.61263435,475.4740767,459.2968129
37.85747016,69.50296461,11.67545561,244.2030409,306.0299675
17.94377707,49.89534094,19.04443571,253.8427622,392.9785642
29.41291189,24.62349675,0.848445964,476.3303093,415.3130233
21.85138052,23.51305575,5.306522751,781.5546804,203.8320689
28.85445006,40.05429912,12.03107759,908.1681822,245.1624491
31.28550971,67.09381863,5.931198244,175.714896,431.8122985
35.74354509,62.46085608,14.28848328,453.7935168,213.4649083
20.16053179,67.31689788,15.18010565,190.2210074,407.2708101
15.27489572,51.03614339,2.050319281,114.9332326,473.4465452
18.42214075,46.41193988,10.27708928,695.5468144,330.4446679
37.50046605,28.8471516,10.17781111,642.2044978,383.7322794
36.84725194,39.69156522,7.385615404,246.7172024,412.2937904
29.93532755,46.04116197,18.65849725,310.4315498,430.267842
30.01292151,25.31602578,16.5501264,121.3369783,227.774002
31.62591686,33.23671716,13.94418764,851.4524851,73.06855663
19.38428197,55.89351764,14.28653271,977.2215364,230.8443221
37.86029865,64.13978685,9.234322876,221.9135831,353.1903034
25.46926312,79.90085068,18.41989042,308.3276924,252.6576736
24.57846321,75.98679988,13.89190855,881.5685716,387.0334179
27.97294263,58.55391197,14.57962123,933.8174182,210.6420933
16.17414917,45.2748832,17.23381808,477.6646445,335.6348635
19.15708422,58.17064188,5.481431787,145.560225,133.8889122
33.45084041,67.13909708,16.14141808,135.4526503,387.2162465
17.0699667,27.10017146,3.904812059,616.5548795,295.563186
30.07880274,44.59429338,6.906839045,453.605598,141.8289748
21.13372774,70.38813714,6.712209085,125.7871848,181.3600281
24.73239035,43.02997712,19.57050937,624.9271531,386.8739189
22.21734342,54.31233627,17.13074447,110.1722829,267.170556
23.89181791,55.26616165,14.02339723,808.6347623,147.2141482
32.97614763,31.06857519,14.54113523,375.7895404,485.2720357
22.42804289,41.7341265,11.24145589,136.2322027,371.8062589
29.16011601,40.07067732,18.94181334,629.5169989,480.7106746
26.90126005,21.57180251,9.925175058,457.915973,242.1972704
31.59177913,21.45150583,7.610354197,976.420372,263.7951533
38.42074348,69.90182262,3.260706739,589.7787963,454.0798473
33.31430243,36.3842486,15.72411305,347.7152629,286.2722031
20.37350946,51.08472597,14.68887864,738.4949782,368.2755104
15.77957838,37.92353442,7.68710077,344.3428023,163.4777949
21.55660111,76.44075471,0.503868279,913.8189623,251.0269109
29.87694827,35.55780553,16.77994655,437.2497735,105.5524396
16.28564534,45.77940876,0.228359669,594.8817065,142.6910161
27.40915618,72.36381503,14.07399559,145.5157934,50.42453687
29.92107122,70.51601401,19.40514219,483.5091142,67.66927324
23.35609727,31.16608507,8.753226563,849.1271857,489.7777204
34.27280509,68.15859859,4.6994681,825.0839248,159.0591628
17.66495633,47.4912132,14.0974202,301.886703,348.4898193
16.87844454,48.97813233,16.34256284,303.4711639,427.5948645
33.20471891,28.00879834,10.92860632,835.574781,297.7972067
27.38728291,24.83609083,19.34070551,937.3585782,118.915025
32.21005991,63.67635842,1.033374433,185.8248291,377.6523968
25.87068347,49.78766914,10.09591197,505.0527755,320.1131345
21.16005083,46.21104216,14.36907895,403.7088511,379.0627652
35.47755794,63.77049372,17.25280942,883.6196099,396.3859803
34.98539697,65.93077394,3.585112238,175.1724232,488.9346655
32.36741177,29.53449006,16.00006964,290.0133483,308.103476
21.80362843,56.61350897,11.05414151,777.2215038,203.7385007
29.75576667,28.12124494,7.93107364,146.1644641,341.8090506
24.02434742,65.08250516,2.634300572,543.2818426,80.79831916
17.28955183,59.41730938,17.30591518,497.8963312,453.8287932
37.93283939,77.39687727,3.145464164,400.9610611,103.7214551
18.42046577,24.13748098,6.195757184,455.1150838,197.529277
38.75593385,23.42328327,5.800910639,576.9465282,417.0854213
26.15014432,36.93122448,17.42828068,245.2306225,318.7905702
